{"cameraMode":{"drawMode":0,"name":"Shaded","section":"Shading Mode"},"sceneLighting":true,"audioPlay":false,"sceneViewState":{"m_AlwaysRefresh":true,"showFog":true,"showSkybox":true,"showFlares":true,"showImageEffects":true,"showParticleSystems":true,"showVisualEffectGraphs":true,"m_FxEnabled":true},"in2DMode":false,"pivot":{"x":-1.0284051895141602,"y":2.1005890369415285,"z":5.061391353607178},"rotation":{"x":-0.10033557564020157,"y":-0.7396426200866699,"z":0.11315005272626877,"w":-0.6558107733726502},"size":1.1658048629760743,"orthographic":false}